Ref,Val,Package,PosX,PosY,Rot,Side
"C1","10uF","CP_EIA-3216-18_Kemet-A",162.727500,-116.450000,180.000000,top
"C2","10uF","CP_EIA-3216-18_Kemet-A",167.432500,-128.000000,0.000000,top
"C3","100nF","C_0805_2012Metric",163.780000,-128.640000,-90.000000,top
"C4","100nF","C_0805_2012Metric",148.725000,-98.480000,180.000000,top
"C5","100nF","C_0805_2012Metric",155.050000,-112.600000,0.000000,top
"C6","100nF","C_0805_2012Metric",163.050000,-111.550000,-90.000000,top
"C7","100nF","C_0805_2012Metric",163.925000,-98.280000,90.000000,top
"C8","4.7uF","CP_EIA-3216-18_Kemet-A",151.900000,-96.502500,90.000000,top
"C9","1uF","CP_EIA-3216-18_Kemet-A",148.150000,-105.455000,180.000000,top
"C10","100nF","C_0805_2012Metric",148.775000,-108.180000,180.000000,top
"C11","100nF","C_0805_2012Metric",169.150000,-114.950000,0.000000,top
"C12","100nF","C_0805_2012Metric",148.750000,-102.705000,180.000000,top
"C13","22uF","C_0805_2012Metric",148.000000,-75.275000,180.000000,top
"C14","100nF","C_0805_2012Metric",148.000000,-73.175000,180.000000,top
"C15","1uF","C_0805_2012Metric",148.000000,-77.475000,180.000000,top
"C16","4.7uF","C_0805_2012Metric",159.247500,-112.550000,180.000000,top
"D1","B340_SMA","D_SMA",158.400000,-123.900000,180.000000,top
"D2","SMBJ15A","D_SMB",158.575000,-128.050000,0.000000,top
"F1","1812L150/24","Fuse_1812_4532Metric",158.200000,-119.650000,0.000000,top
"FID1","Fiducial","Fiducial_1mm_Mask2mm",139.500000,-124.200000,0.000000,top
"FID2","Fiducial","Fiducial_1mm_Mask2mm",175.200000,-75.000000,90.000000,top
"FID3","Fiducial","Fiducial_1mm_Mask2mm",181.400000,-123.800000,90.000000,top
"FID4","Fiducial","Fiducial_0.5mm_Mask1mm",152.350000,-110.650000,0.000000,top
"FID5","Fiducial","Fiducial_0.5mm_Mask1mm",158.800000,-96.200000,180.000000,top
"L1","BEAD(FCM1608KF-601T03)","L_0603_1608Metric",148.987500,-110.080000,0.000000,top
"R1","2.2k","R_0805_2012Metric",169.400000,-101.962500,-90.000000,top
"R2","330","R_0805_2012Metric",172.162500,-123.950000,0.000000,top
"R3","10k","R_0805_2012Metric",169.150000,-110.550000,180.000000,top
"R4","1k","R_0805_2012Metric",169.150000,-112.700000,180.000000,top
"R5","10k","R_0805_2012Metric",148.762500,-100.605000,0.000000,top
"R6","4.7k","R_0805_2012Metric",142.500000,-86.775000,90.000000,top
"R7","4.7k","R_0805_2012Metric",142.500000,-83.112500,-90.000000,top
"R8","10k","R_0805_2012Metric",154.900000,-95.855000,-90.000000,top
"R9","10k","R_0805_2012Metric",148.000000,-80.400000,0.000000,top
"R10","330","R_0805_2012Metric",137.950000,-104.250000,-90.000000,top
"R11","330","R_0805_2012Metric",140.475000,-104.250000,-90.000000,top
"R12","330","R_0805_2012Metric",143.000000,-104.250000,-90.000000,top
"U1","AMS1117-3.3_SOT223","SOT-223-3_TabPin2",166.250000,-122.100000,-90.000000,top
"U2","STM32F446RETx","LQFP-64_10x10mm_P0.5mm",157.400000,-104.405000,0.000000,top
