Reference,Qty,Value,DNP,Exclude from BOM,Exclude from Board,Footprint,Datasheet
"C1,C2",2,10uF,,,,Capacitor_Tantalum_SMD:CP_EIA-3216-18_Kemet-A,
"C3,C4,C5,C6,C7,C10,C11,C12,C14",9,100nF,,,,Capacitor_SMD:C_0805_2012Metric,
C8,1,4.7uF,,,,Capacitor_Tantalum_SMD:CP_EIA-3216-18_Kemet-A,
C9,1,1uF,,,,Capacitor_Tantalum_SMD:CP_EIA-3216-18_Kemet-A,
C13,1,22uF,,,,Capacitor_SMD:C_0805_2012Metric,
C15,1,1uF,,,,Capacitor_SMD:C_0805_2012Metric,
C16,1,4.7uF,,,,Capacitor_SMD:C_0805_2012Metric,
D1,1,B340_SMA,,,,Diode_SMD:D_SMA,
D2,1,SMBJ15A,,,,Diode_SMD:D_SMB,
F1,1,1812L150/24,,,,Fuse:Fuse_1812_4532Metric,
J1,1,Barrel_Jack,,,,Connector_BarrelJack:BarrelJack_Horizontal,
"J2,J5,STLink1",3,Conn_01x04_Pin,,,,Connector_PinHeader_2.54mm:PinHeader_1x04_P2.54mm_Vertical,
J3,1,Screw_Terminal_01x02,,,,"TerminalBlock_Phoenix:TerminalBlock_Phoenix_MKDS-1,5-2-5.08_1x02_P5.08mm_Horizontal",
J4,1,Conn_02x03_Odd_Even,,,,Connector_IDC:IDC-Header_2x03_P2.54mm_Vertical,
L1,1,BEAD(FCM1608KF-601T03),,,,Inductor_SMD:L_0603_1608Metric,
LED1,1,LED,,,,LED_THT:LED_D5.0mm,
R1,1,2.2k,,,,Resistor_SMD:R_0805_2012Metric,
"R2,R10,R11,R12",4,330,,,,Resistor_SMD:R_0805_2012Metric,
"R3,R5,R8,R9",4,10k,,,,Resistor_SMD:R_0805_2012Metric,
R4,1,1k,,,,Resistor_SMD:R_0805_2012Metric,
"R6,R7",2,4.7k,,,,Resistor_SMD:R_0805_2012Metric,
RGB1,1,LED_ARGB,,,,LED_THT:LED_D5.0mm-4_RGB,
U1,1,AMS1117-3.3_SOT223,,,,Package_TO_SOT_SMD:SOT-223-3_TabPin2,http://www.advanced-monolithic.com/pdf/ds1117.pdf
U2,1,STM32F446RETx,,,,Package_QFP:LQFP-64_10x10mm_P0.5mm,https://www.st.com/resource/en/datasheet/stm32f446re.pdf
U3,1,ESP32-S3-WROOM-1,,,,RF_Module:ESP32-S3-WROOM-1,https://www.espressif.com/sites/default/files/documentation/esp32-s3-wroom-1_wroom-1u_datasheet_en.pdf
