Reference,Qty,Value,MPN,Footprint
C1,1,10uF 25V,C2158829,Capacitor_Tantalum_SMD:CP_EIA-3216-18_Kemet-A
C2,1,10uF 16V,C7171,Capacitor_Tantalum_SMD:CP_EIA-3216-18_Kemet-A
"C3,C4,C5,C6,C7,C10,C11,C12,C14",9,100nF,C49678,Capacitor_SMD:C_0805_2012Metric
C8,1,4.7uF,C11369,Capacitor_Tantalum_SMD:CP_EIA-3216-18_Kemet-A
C9,1,1uF,C7174,Capacitor_Tantalum_SMD:CP_EIA-3216-18_Kemet-A
C13,1,22uF,C45783,Capacitor_SMD:C_0805_2012Metric
C15,1,1uF,C28323,Capacitor_SMD:C_0805_2012Metric
C16,1,4.7uF,C1779,Capacitor_SMD:C_0805_2012Metric
D1,1,B340_SMA,C64982,Diode_SMD:D_SMA
D2,1,SMBJ15A,C83846,Diode_SMD:D_SMB
F1,1,1812L150/24,C49318453,Fuse:Fuse_1812_4532Metric
L1,1,BEAD(FCM1608KF-601T03),C141723,Inductor_SMD:L_0603_1608Metric
R1,1,2.2k,C17520,Resistor_SMD:R_0805_2012Metric
"R2,R10,R11,R12",4,330,C17630,Resistor_SMD:R_0805_2012Metric
"R3,R5,R8,R9",4,10k,C17414,Resistor_SMD:R_0805_2012Metric
R4,1,1k,C17513,Resistor_SMD:R_0805_2012Metric
"R6,R7",2,4.7k,C17673,Resistor_SMD:R_0805_2012Metric
U1,1,AMS1117-3.3_SOT223,C6186,Package_TO_SOT_SMD:SOT-223-3_TabPin2
U2,1,STM32F446RETx,C69336,Package_QFP:LQFP-64_10x10mm_P0.5mm
U3,1,ESP32-S3-WROOM-1,C2913201,RF_Module:ESP32-S3-WROOM-1
